{"cameraMode":{"drawMode":0,"name":"Shaded","section":"Shading Mode"},"sceneLighting":true,"audioPlay":false,"sceneViewState":{"showFog":true,"showMaterialUpdate":false,"showSkybox":true,"showFlares":true,"showImageEffects":true,"showParticleSystems":true},"in2DMode":false,"pivot":{"x":0.3861299455165863,"y":-8.174932479858399,"z":61.78269958496094},"rotation":{"x":-0.06006632745265961,"y":0.08285309374332428,"z":-0.004992708098143339,"w":-0.9947530031204224},"size":43.82900619506836,"orthographic":false}